--adapted database
--latest changes made - April 2019


DROP TABLE CUSTOMER CASCADE CONSTRAINTS;
DROP TABLE BOOKORDER CASCADE CONSTRAINTS;
DROP TABLE PUBLISHER CASCADE CONSTRAINTS;
DROP TABLE AUTHOR CASCADE CONSTRAINTS;
DROP TABLE BOOK CASCADE CONSTRAINTS;
DROP TABLE BOOKORDERITEM CASCADE CONSTRAINTS;
DROP TABLE BOOKAUTHOR CASCADE CONSTRAINTS;


Create table Customer
(Cust_Num  NUMBER(4) PRIMARY KEY,
Cust_LName VARCHAR2(10) NOT NULL,
Cust_FName VARCHAR2(10) NOT NULL,
Cust_Address VARCHAR2(20) NOT NULL,
Cust_City VARCHAR2(12) NOT NULL,
Cust_State VARCHAR2(2) NOT NULL,
Cust_Zip VARCHAR2(5) NOT NULL,
Cust_Referred NUMBER(4));

INSERT INTO CUSTOMER
VALUES (1001, 'MORALES', 'BONITA', 'P.O. BOX 651', 'EASTPOINT', 'FL', '32328', NULL);
INSERT INTO CUSTOMER
VALUES (1002, 'THOMPSON', 'RYAN', 'P.O. BOX 9835', 'SANTA MONICA', 'CA', '90404', NULL);
INSERT INTO CUSTOMER
VALUES (1003, 'SMITH', 'LEILA', 'P.O. BOX 66', 'TALLAHASSEE', 'FL', '32306', NULL);
INSERT INTO CUSTOMER
VALUES (1004, 'PIERSON', 'THOMAS', '69821 SOUTH AVENUE', 'BOISE', 'ID', '83707', NULL);
INSERT INTO CUSTOMER
VALUES (1005, 'GIRARD', 'CINDY', 'P.O. BOX 851', 'SEATTLE', 'WA', '98115', NULL);
INSERT INTO CUSTOMER
VALUES (1006, 'CRUZ', 'MESHIA', '82 DIRT ROAD', 'ALBANY', 'NY', '12211', NULL);
INSERT INTO CUSTOMER
VALUES (1007, 'GIANA', 'TAMMY', '9153 MAIN STREET', 'AUSTIN', 'TX', '78710', 1003);
INSERT INTO CUSTOMER
VALUES (1008, 'JONES', 'KENNETH', 'P.O. BOX 137', 'CHEYENNE', 'WY', '82003', NULL);
INSERT INTO CUSTOMER
VALUES (1009, 'PEREZ', 'JORGE', 'P.O. BOX 8564', 'BURBANK', 'CA', '91510', 1003);
INSERT INTO CUSTOMER
VALUES (1010, 'LUCAS', 'JAKE', '114 EAST SAVANNAH', 'ATLANTA', 'GA', '30314', NULL);
INSERT INTO CUSTOMER
VALUES (1011, 'MCGOVERN', 'REESE', 'P.O. BOX 18', 'CHICAGO', 'IL', '60606', NULL); 
INSERT INTO CUSTOMER
VALUES (1012, 'MCKENZIE', 'WILLIAM', 'P.O. BOX 971', 'BOSTON', 'MA', '02110', NULL);
INSERT INTO CUSTOMER
VALUES (1013, 'NGUYEN', 'NICHOLAS', '357 WHITE EAGLE AVE.', 'CLERMONT', 'FL', '34711', 1006);
INSERT INTO CUSTOMER
VALUES (1014, 'LEE', 'JASMINE', 'P.O. BOX 2947', 'CODY', 'WY', '82414', NULL);
INSERT INTO CUSTOMER
VALUES (1015, 'SCHELL', 'STEVE', 'P.O. BOX 677', 'MIAMI', 'FL', '33111', NULL);
INSERT INTO CUSTOMER
VALUES (1016, 'DAUM', 'MICHELL', '9851231 LONG ROAD', 'BURBANK', 'CA', '91508', 1010);
INSERT INTO CUSTOMER
VALUES (1017, 'NELSON', 'BECCA', 'P.O. BOX 563', 'KALMAZOO', 'MI', '49006', NULL);
INSERT INTO CUSTOMER
VALUES (1018, 'MONTIASA', 'GREG', '1008 GRAND AVENUE', 'MACON', 'GA', '31206', NULL);
INSERT INTO CUSTOMER
VALUES (1019, 'SMITH', 'JENNIFER', 'P.O. BOX 1151', 'MORRISTOWN', 'NJ', '07962', 1003);
INSERT INTO CUSTOMER
VALUES (1020, 'FALAH', 'KENNETH', 'P.O. BOX 335', 'TRENTON', 'NJ', '08607', NULL);

Create Table BookOrder
(BO_OrderNum NUMBER(4) PRIMARY KEY,
BO_CustNum NUMBER(4) REFERENCES Customer(Cust_Num),
BO_OrderDate DATE NOT NULL,
BO_ShipDate DATE,
BO_ShipStreet VARCHAR2(18) NOT NULL,
BO_ShipCity VARCHAR2(15) NOT NULL,
BO_ShipState VARCHAR2(2) NOT NULL,
BO_ShipZip VARCHAR2(5) NOT NULL);

INSERT INTO BOOKORDER
VALUES (1000,1005,'31-MAR-18','02-APR-18','1201 ORANGE AVE', 'SEATTLE', 'WA', '98114');
INSERT INTO BOOKORDER
VALUES (1001,1010,'31-MAR-18','01-APR-18', '114 EAST SAVANNAH', 'ATLANTA', 'GA', '30314');
INSERT INTO BOOKORDER
VALUES (1002,1011,'31-MAR-18','01-APR-18','58 TILA CIRCLE', 'CHICAGO', 'IL', '60605');
INSERT INTO BOOKORDER
VALUES (1003,1001,'01-APR-18','01-APR-18','958 MAGNOLIA LANE', 'EASTPOINT', 'FL', '32328');
INSERT INTO BOOKORDER
VALUES (1004,1020,'01-APR-18','05-APR-18','561 ROUNDABOUT WAY', 'TRENTON', 'NJ', '08601');
INSERT INTO BOOKORDER
VALUES (1005,1018,'01-APR-18','02-APR-18', '1008 GRAND AVENUE', 'MACON', 'GA', '31206');
INSERT INTO BOOKORDER
VALUES (1006,1003,'01-APR-18','02-APR-18','558A CAPITOL HWY.', 'TALLAHASSEE', 'FL', '32307');
INSERT INTO BOOKORDER
VALUES (1007,1007,'02-APR-18','04-APR-18', '9153 MAIN STREET', 'AUSTIN', 'TX', '78710');
INSERT INTO BOOKORDER
VALUES (1008,1004,'02-APR-18','03-APR-18', '69821 SOUTH AVENUE', 'BOISE', 'ID', '83707');
INSERT INTO BOOKORDER
VALUES (1009,1005,'03-APR-18','05-APR-18','9 LIGHTENING RD.', 'SEATTLE', 'WA', '98110');
INSERT INTO BOOKORDER
VALUES (1010,1019,'03-APR-18','04-APR-18','384 WRONG WAY HOME', 'MORRISTOWN', 'NJ', '07960');
INSERT INTO BOOKORDER
VALUES (1011,1010,'03-APR-18','05-APR-18', '102 WEST LAFAYETTE', 'ATLANTA', 'GA', '30311');
INSERT INTO BOOKORDER
VALUES (1012,1017,'03-APR-18',NULL,'1295 WINDY AVENUE', 'KALMAZOO', 'MI', '49002');
INSERT INTO BOOKORDER
VALUES (1013,1014,'03-APR-18','04-APR-18','7618 MOUNTAIN RD.', 'CODY', 'WY', '82414');
INSERT INTO BOOKORDER
VALUES (1014,1007,'04-APR-18','05-APR-18', '9153 MAIN STREET', 'AUSTIN', 'TX', '78710');
INSERT INTO BOOKORDER
VALUES (1015,1020,'04-APR-18',NULL,'557 GLITTER ST.', 'TRENTON', 'NJ', '08606');
INSERT INTO BOOKORDER
VALUES (1016,1003,'04-APR-18',NULL,'9901 SEMINOLE WAY', 'TALLAHASSEE', 'FL', '32307');
INSERT INTO BOOKORDER
VALUES (1017,1015,'04-APR-18','05-APR-18','887 HOT ASPHALT ST', 'MIAMI', 'FL', '33112');
INSERT INTO BOOKORDER
VALUES (1018,1001,'05-APR-18',NULL,'95812 HIGHWAY 98', 'EASTPOINT', 'FL', '32328');
INSERT INTO BOOKORDER
VALUES (1019,1018,'05-APR-18',NULL, '1008 GRAND AVENUE', 'MACON', 'GA', '31206');
INSERT INTO BOOKORDER
VALUES (1020,1008,'05-APR-18',NULL,'195 JAMISON LANE', 'CHEYENNE', 'WY', '82003');

Create Table Publisher
(Pub_ID NUMBER(2) PRIMARY KEY,
Pub_Name VARCHAR2(25) NOT NULL,
Pub_Contact VARCHAR2(15) NOT NULL,
Pub_Phone VARCHAR2(12) NOT NULL);

INSERT INTO PUBLISHER
VALUES(1,'PRINTING IS US','TOMMIE SEYMOUR','000-714-8321');
INSERT INTO PUBLISHER
VALUES(2,'PUBLISH OUR WAY','JANE TOMLIN','010-410-0010');
INSERT INTO PUBLISHER
VALUES(3,'AMERICAN PUBLISHING','DAVID DAVIDSON','800-555-1211');
INSERT INTO PUBLISHER
VALUES(4,'READING MATERIALS INC.','RENEE SMITH','800-555-9743');
INSERT INTO PUBLISHER
VALUES(5,'REED-N-RITE','SEBASTIAN JONES','800-555-8284');

Create Table Author
(Author_ID VARCHAR2(4) PRIMARY KEY,
Author_LName VARCHAR2(10) NOT NULL ,
Author_FName VARCHAR2(10) NOT NULL);

INSERT INTO AUTHOR
VALUES ('S100','SMITH', 'SAM');
INSERT INTO AUTHOR
VALUES ('J100','JONES','JANICE');
INSERT INTO AUTHOR
VALUES ('A100','AUSTIN','JAMES');
INSERT INTO AUTHOR
VALUES ('M100','MARTINEZ','SHEILA');
INSERT INTO AUTHOR
VALUES ('K100','KZOCHSKY','TAMARA');
INSERT INTO AUTHOR
VALUES ('P100','PORTER','LISA');
INSERT INTO AUTHOR
VALUES ('A105','ADAMS','JUAN');
INSERT INTO AUTHOR
VALUES ('B100','BAKER','JACK'); 
INSERT INTO AUTHOR
VALUES ('P105','PETERSON','TINA');
INSERT INTO AUTHOR
VALUES ('W100','WHITE','WILLIAM');
INSERT INTO AUTHOR
VALUES ('W105','WHITE','LISA');
INSERT INTO AUTHOR
VALUES ('R100','ROBINSON','ROBERT');
INSERT INTO AUTHOR
VALUES ('F100','FIELDS','OSCAR');
INSERT INTO AUTHOR
VALUES ('W110','WILKINSON','ANTHONY');

Create table Book
(Book_ISBN VARCHAR2(10) PRIMARY KEY,
Book_Title VARCHAR2(30) NOT NULL,
Book_PubDate DATE NOT NULL,
Book_PubID NUMBER (2) NOT NULL REFERENCES Publisher(Pub_ID),
Book_Cost NUMBER (5,2) NOT NULL,
Book_Retail NUMBER (5,2) NOT NULL,
Book_Category VARCHAR2(12) NOT NULL);

INSERT INTO BOOK VALUES ('1059831198','BODYBUILD IN 10 MINUTES A DAY','21-JAN-01',4,18.75,30.95,'FITNESS');
INSERT INTO BOOK
VALUES ('0401140733','REVENGE OF MICKEY','14-DEC-01',1,14.20,22.00, 'FAMILY LIFE');
INSERT INTO BOOK
VALUES ('4981341710','BUILDING A CAR WITH TOOTHPICKS','18-MAR-02',2,37.80,59.95, 'CHILDREN');
INSERT INTO BOOK
VALUES ('8843172113','DATABASE IMPLEMENTATION','04-JUN-99',3,31.40,55.95, 'computer');
INSERT INTO BOOK
VALUES ('3437212490','COOKING WITH MUSHROOMS','28-FEB-00',4,12.50,19.95,'COOKING');
INSERT INTO BOOK
VALUES ('3957136468','HOLY GRAIL OF ORACLE','31-DEC-01',3,47.25,75.95,'COMPUTER');
INSERT INTO BOOK
VALUES ('1915762492','HANDCRANKED COMPUTERS','21-JAN-01',3,21.80,25.00,'Computer');
INSERT INTO BOOK
VALUES ('9959789321','E-BUSINESS THE EASY WAY','01-MAR-02',2,37.90,54.50,'COMPUTER');
INSERT INTO BOOK
VALUES ('2491748320','PAINLESS CHILD-REARING','17-JUL-00',5,48.00,89.95,'FAMILY LIFE');
INSERT INTO BOOK
VALUES ('0299282519','THE WOK WAY TO COOK','11-SEP-00',4,19.00,28.75,'COOKING');
INSERT INTO BOOK
VALUES ('8117949391','BIG BEAR AND LITTLE DOVE','08-NOV-01',5,5.32,8.95,'CHILDREN');
INSERT INTO BOOK
VALUES ('0132149871','HOW TO GET FASTER PIZZA','11-NOV-02',4,17.85,29.95, 'SELF HELP');
INSERT INTO BOOK
VALUES ('9247381001','HOW TO MANAGE THE MANAGER','09-MAY-99',1,15.40,31.95,'BUSINESS'); 
INSERT INTO BOOK
VALUES ('2147428890','SHORTEST POEMS','01-MAY-01',5,21.85,39.95, 'LITERATURE');

CREATE TABLE BOOKORDERITEM
(BOI_OrderNum NUMBER(4) NOT NULL REFERENCES BookOrder(BO_OrderNum),
BOI_ItemNum NUMBER(2) NOT NULL,
BOI_ISBN VARCHAR2(10) NOT NULL REFERENCES Book(Book_ISBN),
BOI_Qty NUMBER(3) NOT NULL, 
constraint bookorderitem_pk PRIMARY KEY (BOI_OrderNum, BOI_ItemNum));

INSERT INTO BOOKORDERITEM
VALUES (1000,1,'3437212490',1); 
INSERT INTO BOOKORDERITEM
VALUES (1001,1,'9247381001',1); 
INSERT INTO BOOKORDERITEM
VALUES (1001,2,'2491748320',1); 
INSERT INTO BOOKORDERITEM
VALUES (1002,1,'8843172113',2); 
INSERT INTO BOOKORDERITEM
VALUES (1003,1,'8843172113',1); 
INSERT INTO BOOKORDERITEM
VALUES (1003,2,'1059831198',1);
INSERT INTO BOOKORDERITEM
VALUES (1003,3,'3437212490',1);
INSERT INTO BOOKORDERITEM
VALUES (1004,1,'2491748320',2);
INSERT INTO BOOKORDERITEM
VALUES (1005,1,'2147428890',1);
INSERT INTO BOOKORDERITEM
VALUES (1006,1,'9959789321',1);
INSERT INTO BOOKORDERITEM
VALUES (1007,1,'3957136468',3);
INSERT INTO BOOKORDERITEM
VALUES (1007,2,'9959789321',1);
INSERT INTO BOOKORDERITEM
VALUES (1007,3,'8117949391',1);
INSERT INTO BOOKORDERITEM
VALUES (1007,4,'8843172113',1);
INSERT INTO BOOKORDERITEM
VALUES (1008,1,'3437212490',2);
INSERT INTO BOOKORDERITEM
VALUES (1009,1,'3437212490',1);
INSERT INTO BOOKORDERITEM
VALUES (1009,2,'0401140733',1);
INSERT INTO BOOKORDERITEM
VALUES (1010,1,'8843172113',1);
INSERT INTO BOOKORDERITEM
VALUES (1011,1,'2491748320',1);
INSERT INTO BOOKORDERITEM
VALUES (1012,1,'8117949391',1);
INSERT INTO BOOKORDERITEM
VALUES (1012,2,'1915762492',2);
INSERT INTO BOOKORDERITEM
VALUES (1012,3,'2491748320',1);
INSERT INTO BOOKORDERITEM
VALUES (1012,4,'0401140733',1);
INSERT INTO BOOKORDERITEM
VALUES (1013,1,'8843172113',1);
INSERT INTO BOOKORDERITEM
VALUES (1014,1,'0401140733',2);
INSERT INTO BOOKORDERITEM
VALUES (1015,1,'3437212490',1);
INSERT INTO BOOKORDERITEM
VALUES (1016,1,'2491748320',1);
INSERT INTO BOOKORDERITEM
VALUES (1017,1,'8117949391',2);
INSERT INTO BOOKORDERITEM
VALUES (1018,1,'3437212490',1);
INSERT INTO BOOKORDERITEM
VALUES (1018,2,'8843172113',1);
INSERT INTO BOOKORDERITEM
VALUES (1019,1,'0401140733',1);
INSERT INTO BOOKORDERITEM
VALUES (1020,1,'3437212490',1);

CREATE TABLE BOOKAUTHOR
(BA_ISBN VARCHAR2(10) REFERENCES Book(Book_ISBN),
BA_AUTHORID VARCHAR2(4) REFERENCES Author(Author_ID),
CONSTRAINT bookauthor_pk PRIMARY KEY (BA_ISBN,BA_AUTHORID));

INSERT INTO BOOKAUTHOR
VALUES ('1059831198','S100');
INSERT INTO BOOKAUTHOR
VALUES ('1059831198','P100');
INSERT INTO BOOKAUTHOR
VALUES ('0401140733','J100');
INSERT INTO BOOKAUTHOR
VALUES ('4981341710','K100');
INSERT INTO BOOKAUTHOR
VALUES ('8843172113','P105');
INSERT INTO BOOKAUTHOR
VALUES ('8843172113','A100');
INSERT INTO BOOKAUTHOR
VALUES ('8843172113','A105');
INSERT INTO BOOKAUTHOR
VALUES ('3437212490','B100');
INSERT INTO BOOKAUTHOR
VALUES ('3957136468','A100');
INSERT INTO BOOKAUTHOR
VALUES ('1915762492','W100');
INSERT INTO BOOKAUTHOR
VALUES ('1915762492','W105');
INSERT INTO BOOKAUTHOR
VALUES ('9959789321','J100');
INSERT INTO BOOKAUTHOR
VALUES ('2491748320','R100');
INSERT INTO BOOKAUTHOR
VALUES ('2491748320','F100');
INSERT INTO BOOKAUTHOR
VALUES ('2491748320','B100');
INSERT INTO BOOKAUTHOR
VALUES ('0299282519','S100');
INSERT INTO BOOKAUTHOR
VALUES ('8117949391','R100');
INSERT INTO BOOKAUTHOR
VALUES ('0132149871','S100');
INSERT INTO BOOKAUTHOR
VALUES ('9247381001','W100');
INSERT INTO BOOKAUTHOR
VALUES ('2147428890','W105');

Commit;


